Precision,Recall
0.97849462,1
0.98913043,0.98913043
1,1
1,0.95652174
0.99065421,1
0.98701299,1
1,1
0.99082569,1
1,1
1,0.98924731
1,1
1,1
1,1
1,1
